"Reference","Value","Datasheet","Footprint","Qty","DNP","Mfr","Mfr P/N","Supplier 1","Supplier 1 P/N","Supplier 1 Price @ Qty","Supplier 1 Unit Price"
"C1,C4,C5,C6,C9","10µF","https://mm.digikey.com/Volume0/opasdata/d220001/medias/docus/609/CL21A106KOQNNNE_Spec.pdf","Library:0805-NO","5","","Samsung Electro-Mechanics","CL21A106KOQNNNE","","1276-1096-1-N","0.10","0.10"
"C2,C3,C7,C8,C10,C11,C12,C17","1uF","https://www.yageo.com/upload/media/product/productsearch/datasheet/mlcc/UPY-GPHC_X7R_6.3V-to-250V_24.pdf","Capacitor_SMD:C_0603_1608Metric_Pad1.08x0.95mm_HandSolder","8","","YAGEO","CC0603KRX7R7BB105","","311-1446-1-ND","0.10","0.10"
"C13,C14","10nF","https://content.kemet.com/datasheets/KEM_C1090_X7R_ESD.pdf","Library:0603-NO","2","","KEMET","C0402C103K3REC7411","Digikey","399-C0402C103K3REC7411TR-ND","0.10000","0.10000"
"C15,C16","22pF","https://content.kemet.com/datasheets/KEM_C1003_C0G_SMD.pdf","Library:0603-NO","2","","KEMET","C0603C220K4GAC7867","","399-C0603C220K4GAC7867CT-ND","0.10","0.10"
"CHG1","ORANGE","https://mm.digikey.com/Volume0/opasdata/d220001/medias/docus/3656/B1701UD--20D000414U1930.pdf","Library:CHIPLED_0805_NOOUTLINE","1","","Harvatek Corporation","B1701UD--20D000414U1930","","3147-B1701UD--20D000414U1930CT-ND","0.10","0.10"
"D1","MBR120","https://www.onsemi.com/pdf/datasheet/mbr120lsft1-d.pdf","Library:SOD-123","1","","onsemi","MBR120LSFT1G","","MBR120LSFT1GOSCT-ND","0.42","0.42"
"D2","Green","https://www.we-online.com/components/products/datasheet/150060VS75000.pdf","Library:0603-NO","1","","Würth Elektronik","150060VS75000","Digikey","732-4980-2-ND","0.15000","0.15000"
"J1","~","https://cdn.amphenol-cs.com/media/wysiwyg/files/documentation/datasheet/boardwiretoboard/bwb_minitek127_btb.pdf","Library:AMPHENOL_20021521-00010T4LF","1","","Amphenol ICC (FCI)","20021521-00010T4LF","Digikey","609-6534-ND","1.60000","1.60000"
"J2","MEM2075-00-140-01-A","https://gct.co/files/specs/mem2075-spec.pdf","Library:GCT_MEM2075-00-140-01-A","1","","GCT","MEM2075-00-140-01-A","Digikey","2073-MEM2075-00-140-01-ATR-ND","2.45000","2.45000"
"J3","Conn_01x12_Socket","https://mm.digikey.com/Volume0/opasdata/d220001/medias/docus/937/Female_Headers.100_DS.pdf","Connector_PinSocket_2.54mm:PinSocket_1x12_P2.54mm_Vertical","1","","Sullins Connector Solutions","PPTC121LFBN-RC","Digikey","S6100-ND","0.97000","0.97000"
"J4","Conn_01x05","https://mm.digikey.com/Volume0/opasdata/d220001/medias/docus/937/Female_Headers.100_DS.pdf","Library:CONN5_1LFBN-RC_SUL","1","","Sullins Connector Solutions","PPTC051LFBN-RC","Digikey","S6103-ND","0.57000","0.57000"
"J5,J6,J7,J8","Conn_01x07_Socket","https://app.adam-tech.com/products/download/data_sheet/201605/ph1-xx-ua-data-sheet.pdf","Connector_PinHeader_2.54mm:PinHeader_1x07_P2.54mm_Vertical","4","","Adam Tech","PH1-07-UA","Digikey","2057-PH1-07-UA-ND","0.14000","0.14000"
"L1","10uH","https://mm.digikey.com/Volume0/opasdata/d220001/medias/docus/4899/LSQx_Series_Cat.pdf","Library:INDUCTOR_1007","1","","Taiyo Yuden","LSQEA251818T100K","","587-LSQEA251818T100KCT-ND","0.13","0.13"
"LED1","WS2812B3535","https://cdn-shop.adafruit.com/product-files/2686/SK6812MINI_REV.01-1-2.pdf","Library:LED3535","1","","DONGGUANG OPSCO OPTOELECTRONICS CO., LTD","SK6812MINI","","2686","0.495","0.495"
"Q1","DMP2070UQ-7","https://www.diodes.com/assets/Datasheets/DMP2070UQ.pdf","Library:SOT23-R","1","","Diodes Incorporated","DMP2070UQ-7","","31-DMP2070UQ-7CT-ND","0.48","0.48"
"Q2","MMBT2222A-7-F","https://www.diodes.com/assets/Datasheets/ds30041.pdf","Package_TO_SOT_SMD:SOT-23","1","","Diodes Incorporated","MMBT2222A-7-F","Digikey","MMBT2222A-FDITR-ND","0.10000","0.10000"
"R1","1K","https://www.vishay.com/docs/28705/mcx0x0xpro.pdf","Library:0603-NO","1","","Vishay Beyschlag/Draloric/BC Components","MCT06030C1001FP500","","MCT0603-1.00K-CFCT-ND","0.10","0.10"
"R2,R4,R5,R9,R10,R14,R29,R30,R36","10K","https://www.seielect.com/catalog/sei-rncp.pdf","Library:0603-NO","9","","Stackpole Electronics Inc","RNCP0603FTD10K0","","RNCP0603FTD10K0CT-ND","0.10","0.10"
"R3,R11,R12","100K","https://www.bourns.com/docs/Product-Datasheets/CATCAY.pdf","Library:0603-NO","3","","Bourns Inc.","CR0603-FX-1003ELF","","CR0603-FX-1003ELFTR-ND","0.10000","0.10"
"R7,R13","2.2K","https://www.te.com/usa-en/product-1-2176177-5.datasheet.pdf","Library:0603-NO","2","","TE Connectivity Passive Product","CRGH0603F2K2","","A129540CT-ND","0.10","0.10"
"R8","200","https://www.bourns.com/docs/product-datasheets/cr.pdf?sfvrsn=574d41f6_14","Library:0603-NO","1","","Bourns Inc.","CR0603-FX-2000ELF ","Digikey","118-CR0603-FX-2000ELFTR-ND","0.10000","0.10000"
"R15,R16,R17,R18,R23,R24,R25,R26,R27,R28,R31,R32,R33,R34,R35,R38,R39,R40","0","https://www.yageo.com/upload/media/product/products/datasheet/rchip/PYu-RC_Group_51_RoHS_L_12.pdf","Library:0603-NO","18","","YAGEO","RC0603JR-070RL","","311-0.0GRTR-ND","0.00900","0.10"
"R19,R20,R21,R22","47K","https://www.bourns.com/docs/product-datasheets/cr.pdf?sfvrsn=574d41f6_14","Library:0603-NO","4","","Bourns Inc.","CR0603-FX-4702ELF","","CR0603-FX-4702ELFTR-ND","0.10","0.10"
"R37,R41","9.53k","https://www.bourns.com/docs/product-datasheets/cr.pdf?sfvrsn=574d41f6_14","Library:0603-NO","2","","Bourns Inc.","CR0603-FX-9531ELF","Digikey"," 118-CR0603-FX-9531ELFTR-ND ","0.10000","0.10000"
"SW1","KMR2","https://www.ckswitches.com/media/1479/kmr2.pdf","Library:BTN_KMR2_4.6X2.8","1","","C&K","KMR241NG ULC LFS","","CKN10285CT-ND","0.92","0.92"
"TP1","TestPoint","~","TestPoint:TestPoint_THTPad_1.0x1.0mm_Drill0.5mm","1","","","","","","",""
"U$1","ATSAMD51J19A-AUT","https://ww1.microchip.com/downloads/en/DeviceDoc/SAM_D5x_E5x_Family_Data_Sheet_DS60001507G.pdf","Package_QFP:TQFP-64_10x10mm_P0.5mm","1","","Microchip Technology","ATSAMD51J19A-AUT","Digikey","ATSAMD51J19A-AUTCT-ND","5.68","5.68"
"U1","MCP73831T-2ACI/OT","https://ww1.microchip.com/downloads/en/DeviceDoc/MCP73831-Family-Data-Sheet-DS20001984H.pdf","Library:SOT23-5","1","","Microchip Technology","MCP73831T-2ATI/OT","Digikey","MCP73831T-2ATI/OTCT-ND","0.76","0.76"
"U2","AP2112-3.3","https://www.diodes.com/assets/Datasheets/AP2112.pdf","Package_TO_SOT_SMD:SOT-23-5","1","","Diodes Incorporated","AP2112K-3.3TRG1","Digikey","AP2112K-3.3TRG1DICT-ND","0.35","0.35"
"U3","AT42QT1011-TSHR","https://ww1.microchip.com/downloads/en/DeviceDoc/40001947A.pdf","Library:SOT95P280X145-6N","1","","Microchip Technology","AT42QT1011-TSHR","Digikey","AT42QT1011-TSHRCT-ND","0.77000","0.77000"
"U4","2MB Flash","https://www.gigadevice.com.cn/Public/Uploads/uploadfile/files/20220714/DS-00473-GD25Q16E-Rev1.2.pdf","Package_SO:SOIC-8_3.9x4.9mm_P1.27mm","1","","GigaDevice Semiconductor (HK) Limited","GD25Q16ETIGR","Digikey","1970-GD25Q16ETIGRCT-ND","0.74","0.74"
"U5","MCP9808-E_MS","https://ww1.microchip.com/downloads/en/DeviceDoc/MCP9808-0.5C-Maximum-Accuracy-Digital-Temperature-Sensor-Data-Sheet-DS20005095B.pdf","Library:SOP65P490X110-8N","1","","Microchip","MCP9808-E/MS","Digikey","MCP9808-E/MS-ND","1.40","1.40"
"U6","MAX7221CWGT+","https://www.analog.com/media/en/technical-documentation/data-sheets/max7219-max7221.pdf","Library:SOIC127P1032X265-24N","1","","Analog Devices Inc./Maxim Integrated","MAX7221CWG+T","Digikey","MAX7221CWG+CT-ND","17.31","17.31"
"U7","MAX7221CWGT","https://www.analog.com/media/en/technical-documentation/data-sheets/max7219-max7221.pdf","Library:SOIC127P1032X265-24N","1","","Analog Devices Inc./Maxim Integrated","MAX7221CWG+T","Digikey","MAX7221CWG+CT-ND","17.31","17.31"
"X1","JSTPH","https://www.jst-mfg.com/product/pdf/eng/ePH.pdf","Connector_JST:JST_PH_S2B-PH-SM4-TB_1x02-1MP_P2.00mm_Horizontal","1","","JST Sales America Inc.","S2B-PH-SM4-TB","Digikey","455-S2B-PH-SM4-TBCT-ND","0.69000","0.69000"
"X2","microUSB 2.0 B","https://cdn.amphenol-cs.com/media/wysiwyg/files/documentation/datasheet/inputoutput/io_usb_micro.pdf","Connector_USB:USB_Micro-B_Amphenol_10118194_Horizontal","1","","Amphenol ICC (FCI)","10103594-0001LF","Digikey","609-4050-2-ND","0.84000","0.84000"
"X3","32.768 kHz","https://www.ndk.com/images/products/catalog/c_NX3215SE_e.pdf","Library:XTAL3215","1","","NDK America, Inc.","STDMUA17-32.768K","Digikey","644-STDMUA17-32.768KCT-ND","1.02000","1.02000"
